{
  "vodka": 0.6131471927654585,
  "espresso coffee (hot)": 0.3868528072345416,
  "salted caramel syrup": 0.8982444017039272,
  "vanilla bitters": 0.6131471927654585,
  "saline solution 4:1": 1.0,
  "calvados apple brandy": 0.3868528072345416,
  "sour apple liqueur": 0.3868528072345416,
  "lemon juice": 1.0,
  "scotch whisky": 0.6131471927654585,
  "egg white (pasteurised)": 0.6131471927654585,
  "tonka bitters": 0.3868528072345416,
  "aged rum (6-10yr)": 0.6131471927654585,
  "gentian liqueur": 0.3868528072345416,
  "bianco/blanco vermouth": 0.3868528072345416,
  "fino sherry": 0.3868528072345416,
  "gin": 0.3868528072345416,
  "greek spirit": 0.6131471927654585,
  "rye whiskey 50% abv": 0.3868528072345416,
  "bourbon whiskey": 0.7737056144690831,
  "ferro china": 0.3868528072345416,
  "sugar syrup (2:1)": 0.3868528072345416,
  "amaro (e.g.  nonino)": 0.3868528072345416,
  "orange-red aperitivo": 0.6131471927654585,
  "coffee liqueur": 0.3868528072345416,
  "orange juice": 0.6131471927654585,
  "orgeat almond liqueur": 0.3868528072345416,
  "coconut liqueur": 0.7737056144690831,
  "red bitter liqueur": 0.3868528072345416,
  "rosso/sweet vermouth": 0.3868528072345416,
  "light gold rum 1-3yo": 0.3868528072345416,
  "lime juice": 0.7737056144690831,
  "soda (club soda) water": 0.3868528072345416,
  "pineapple juice": 0.3868528072345416,
  "grenadine syrup": 0.3868528072345416,
  "reposado tequila": 0.3868528072345416,
  "triple sec": 0.3868528072345416,
  "pumpkin spice syrup": 0.3868528072345416,
  "pumpkin puree": 0.3868528072345416,
  "cacha\u00e7a": 0.3868528072345416,
  "limoncello liqueur": 0.3868528072345416,
  "honey and water syrup": 0.3868528072345416
}